[
{
    "model": "auth.user",
    "fields": {
        "password": "pbkdf2_sha256$1200000$4zl9dy3ZIDzoQ32EOmdjDI$mAdy5wmvSOfAvjbm6Qb/vaCLfzc+FvXU6aZFW4O/UoI=",
        "last_login": null,
        "is_superuser": true,
        "username": "profe",
        "first_name": "",
        "last_name": "",
        "email": "",
        "is_staff": true,
        "is_active": true,
        "date_joined": "2026-05-19T01:23:30.704Z",
        "groups": [],
        "user_permissions": []
    }
},
{
    "model": "menu.categoriaproducto",
    "pk": 1,
    "fields": {
        "nombre": "Entradas y Botanas"
    }
},
{
    "model": "menu.categoriaproducto",
    "pk": 2,
    "fields": {
        "nombre": "Ceviches y Aguachiles"
    }
},
{
    "model": "menu.categoriaproducto",
    "pk": 3,
    "fields": {
        "nombre": "Especialidades del Mar"
    }
},
{
    "model": "menu.categoriaproducto",
    "pk": 4,
    "fields": {
        "nombre": "Tacos y Quesadillas"
    }
},
{
    "model": "menu.categoriaproducto",
    "pk": 5,
    "fields": {
        "nombre": "Caldos y Sopas"
    }
},
{
    "model": "menu.categoriaproducto",
    "pk": 6,
    "fields": {
        "nombre": "Postres"
    }
},
{
    "model": "menu.categoriaproducto",
    "pk": 7,
    "fields": {
        "nombre": "Bebidas"
    }
},
{
    "model": "menu.ingrediente",
    "pk": 1,
    "fields": {
        "nombre": "Camarón"
    }
},
{
    "model": "menu.ingrediente",
    "pk": 2,
    "fields": {
        "nombre": "Pulpo"
    }
},
{
    "model": "menu.ingrediente",
    "pk": 3,
    "fields": {
        "nombre": "Pescado"
    }
},
{
    "model": "menu.ingrediente",
    "pk": 4,
    "fields": {
        "nombre": "Caracol"
    }
},
{
    "model": "menu.ingrediente",
    "pk": 5,
    "fields": {
        "nombre": "Mejillón"
    }
},
{
    "model": "menu.ingrediente",
    "pk": 6,
    "fields": {
        "nombre": "Jaiba"
    }
},
{
    "model": "menu.ingrediente",
    "pk": 7,
    "fields": {
        "nombre": "Cebolla Morada"
    }
},
{
    "model": "menu.ingrediente",
    "pk": 8,
    "fields": {
        "nombre": "Cebolla Blanca"
    }
},
{
    "model": "menu.ingrediente",
    "pk": 9,
    "fields": {
        "nombre": "Cilantro"
    }
},
{
    "model": "menu.ingrediente",
    "pk": 10,
    "fields": {
        "nombre": "Jitomate"
    }
},
{
    "model": "menu.ingrediente",
    "pk": 11,
    "fields": {
        "nombre": "Pepino"
    }
},
{
    "model": "menu.ingrediente",
    "pk": 12,
    "fields": {
        "nombre": "Limón"
    }
},
{
    "model": "menu.ingrediente",
    "pk": 13,
    "fields": {
        "nombre": "Chile Serrano"
    }
},
{
    "model": "menu.ingrediente",
    "pk": 14,
    "fields": {
        "nombre": "Aguacate"
    }
},
{
    "model": "menu.ingrediente",
    "pk": 15,
    "fields": {
        "nombre": "Ajo"
    }
},
{
    "model": "menu.ingrediente",
    "pk": 16,
    "fields": {
        "nombre": "Queso Oaxaca"
    }
},
{
    "model": "menu.ingrediente",
    "pk": 17,
    "fields": {
        "nombre": "Tocino"
    }
},
{
    "model": "menu.ingrediente",
    "pk": 18,
    "fields": {
        "nombre": "Salsa Chipotle"
    }
},
{
    "model": "menu.ingrediente",
    "pk": 19,
    "fields": {
        "nombre": "Mantequilla"
    }
},
{
    "model": "menu.ingrediente",
    "pk": 20,
    "fields": {
        "nombre": "Pimienta"
    }
},
{
    "model": "menu.ingrediente",
    "pk": 21,
    "fields": {
        "nombre": "Tortilla de Maíz"
    }
},
{
    "model": "menu.ingrediente",
    "pk": 22,
    "fields": {
        "nombre": "Tortilla de Harina"
    }
},
{
    "model": "menu.ingrediente",
    "pk": 23,
    "fields": {
        "nombre": "Piña"
    }
},
{
    "model": "menu.ingrediente",
    "pk": 24,
    "fields": {
        "nombre": "Coco"
    }
},
{
    "model": "menu.producto",
    "pk": 1,
    "fields": {
        "nombre": "Tostada de Ceviche de Pescado",
        "descripcion": "Filete de pescado fresco cortado en cubos, curtido en jugo de limón natural con cebolla morada, cilantro, pepino y aguacate cremoso encima.",
        "precio": "65.00",
        "imagen": "",
        "categoria": 1,
        "is_active": true,
        "ingredientes": [
            3,
            7,
            9,
            11,
            12,
            14
        ]
    }
},
{
    "model": "menu.producto",
    "pk": 2,
    "fields": {
        "nombre": "Empanadas de Camarón (3 pzas)",
        "descripcion": "Crujientes empanadas de maíz fritas y rellenas de camarón guisado con especias y queso Oaxaca fundido. Acompañadas de aderezo chipotle.",
        "precio": "95.00",
        "imagen": "",
        "categoria": 1,
        "is_active": true,
        "ingredientes": [
            1,
            16,
            18
        ]
    }
},
{
    "model": "menu.producto",
    "pk": 3,
    "fields": {
        "nombre": "Chicharrón de Pescado",
        "descripcion": "Trozos crujientes de filete de pescado fritos al punto dorado perfecto. Servidos con salsa tártara de la casa y rodajas de limón.",
        "precio": "145.00",
        "imagen": "",
        "categoria": 1,
        "is_active": true,
        "ingredientes": [
            3,
            12
        ]
    }
},
{
    "model": "menu.producto",
    "pk": 4,
    "fields": {
        "nombre": "Toritos de Camarón (4 pzas)",
        "descripcion": "Chiles jalapeños rellenos de camarón picado y queso crema, envueltos en tocino crujiente y bañados en salsa de soya preparada.",
        "precio": "125.00",
        "imagen": "",
        "categoria": 1,
        "is_active": true,
        "ingredientes": [
            1,
            15,
            17
        ]
    }
},
{
    "model": "menu.producto",
    "pk": 5,
    "fields": {
        "nombre": "Guacamole Tradicional",
        "descripcion": "Guacamole fresco preparado al momento con aguacates de primera, jitomate picado, cebolla, cilantro y un toque de limón. Servido con totopos crujientes.",
        "precio": "80.00",
        "imagen": "",
        "categoria": 1,
        "is_active": true,
        "ingredientes": [
            8,
            9,
            10,
            12,
            14
        ]
    }
},
{
    "model": "menu.producto",
    "pk": 6,
    "fields": {
        "nombre": "Ceviche Tawa Especial",
        "descripcion": "Nuestra especialidad de ceviche mixto con camarón cocido, camarón curtido en limón, pulpo tierno, pepino, cebolla morada y la salsa negra especial de la casa.",
        "precio": "185.00",
        "imagen": "",
        "categoria": 2,
        "is_active": true,
        "ingredientes": [
            1,
            2,
            7,
            11,
            12
        ]
    }
},
{
    "model": "menu.producto",
    "pk": 7,
    "fields": {
        "nombre": "Aguachile Verde de Camarón",
        "descripcion": "Camarones abiertos en mariposa curtidos al momento en jugo de limón, bañados en una intensa y picante salsa de chile serrano y cilantro fresco. Con pepino y cebolla morada.",
        "precio": "175.00",
        "imagen": "",
        "categoria": 2,
        "is_active": true,
        "ingredientes": [
            1,
            7,
            9,
            11,
            12,
            13
        ]
    }
},
{
    "model": "menu.producto",
    "pk": 8,
    "fields": {
        "nombre": "Aguachile Negro de Camarón",
        "descripcion": "Camarones frescos curtidos en jugo de limón y bañados en una salsa negra artesanal a base de chiles tatemados y salsa de soya. Servidos con pepino y cebolla morada.",
        "precio": "180.00",
        "imagen": "",
        "categoria": 2,
        "is_active": true,
        "ingredientes": [
            1,
            7,
            11,
            12
        ]
    }
},
{
    "model": "menu.producto",
    "pk": 9,
    "fields": {
        "nombre": "Tostada de Ceviche de Pulpo",
        "descripcion": "Delicioso pulpo picado y curtido en limón con jitomate, pepino, cebolla morada, cilantro y rebanadas de aguacate sobre una tostada de maíz crujiente.",
        "precio": "85.00",
        "imagen": "",
        "categoria": 2,
        "is_active": true,
        "ingredientes": [
            2,
            7,
            9,
            11,
            12,
            14
        ]
    }
},
{
    "model": "menu.producto",
    "pk": 10,
    "fields": {
        "nombre": "Coctel Campechana",
        "descripcion": "Gran combinación de camarón fresco, pulpo y caracol, servidos en nuestra salsa cóctel especial de Clamato con cilantro, cebolla picada y aguacate.",
        "precio": "160.00",
        "imagen": "",
        "categoria": 3,
        "is_active": true,
        "ingredientes": [
            1,
            2,
            4,
            8,
            9,
            14
        ]
    }
},
{
    "model": "menu.producto",
    "pk": 11,
    "fields": {
        "nombre": "Mariscada TAWA (Familiar)",
        "descripcion": "El festín definitivo: Pulpo encebollado, camarones al mojo de ajo, filete de pescado empanizado, camarones a la diabla y mejillones sazonados. Ideal para compartir entre 3 o 4 personas.",
        "precio": "580.00",
        "imagen": "",
        "categoria": 3,
        "is_active": true,
        "ingredientes": [
            1,
            2,
            3,
            5,
            8,
            15,
            19
        ]
    }
},
{
    "model": "menu.producto",
    "pk": 12,
    "fields": {
        "nombre": "Pulpos a la Gallega",
        "descripcion": "Pulpo tierno cocido al punto óptimo y sazonado con pimentón español, sal de grano y abundante aceite de oliva virgen extra. Servido sobre una cama de papas cocidas.",
        "precio": "240.00",
        "imagen": "",
        "categoria": 3,
        "is_active": true,
        "ingredientes": [
            2,
            15
        ]
    }
},
{
    "model": "menu.producto",
    "pk": 13,
    "fields": {
        "nombre": "Camarones Empanizados",
        "descripcion": "Camarones grandes rebosados en pan molido crujiente y fritos. Acompañados de arroz blanco, ensalada fresca y aderezo chipotle de la casa.",
        "precio": "190.00",
        "imagen": "",
        "categoria": 3,
        "is_active": true,
        "ingredientes": [
            1,
            18
        ]
    }
},
{
    "model": "menu.producto",
    "pk": 14,
    "fields": {
        "nombre": "Mojarra Frita al Mojo de Ajo",
        "descripcion": "Mojarra fresca entera sazonada y frita a la perfección, bañada en abundante ajo dorado y crujiente en mantequilla. Acompañada de arroz y ensalada.",
        "precio": "170.00",
        "imagen": "",
        "categoria": 3,
        "is_active": true,
        "ingredientes": [
            3,
            12,
            15,
            19
        ]
    }
},
{
    "model": "menu.producto",
    "pk": 15,
    "fields": {
        "nombre": "Filete de Pescado al Ajillo",
        "descripcion": "Filete de pescado fresco a la plancha bañado en ajo tierno finamente picado y aros de chile guajillo dorados en aceite de oliva.",
        "precio": "165.00",
        "imagen": "",
        "categoria": 3,
        "is_active": true,
        "ingredientes": [
            3,
            15
        ]
    }
},
{
    "model": "menu.producto",
    "pk": 16,
    "fields": {
        "nombre": "Taco Gobernador",
        "descripcion": "Taco en tortilla de maíz hecha a mano con camarón guisado con cebolla blanca, pimiento y tomate, gratinado con abundante queso Oaxaca fundido.",
        "precio": "55.00",
        "imagen": "",
        "categoria": 4,
        "is_active": true,
        "ingredientes": [
            1,
            8,
            16,
            21
        ]
    }
},
{
    "model": "menu.producto",
    "pk": 17,
    "fields": {
        "nombre": "Taco Capeado Ensenada",
        "descripcion": "Filete de pescado capeado al estilo tradicional de Ensenada, frito hasta quedar esponjoso. Servido con col picada, pico de gallo y aderezo de chipotle.",
        "precio": "48.00",
        "imagen": "",
        "categoria": 4,
        "is_active": true,
        "ingredientes": [
            3,
            8,
            9,
            10,
            12,
            21
        ]
    }
},
{
    "model": "menu.producto",
    "pk": 18,
    "fields": {
        "nombre": "Quesadilla de Camarón",
        "descripcion": "Tortilla de harina de trigo grande rellena de queso Oaxaca derretido y camarones salteados a la plancha con mantequilla y pimienta.",
        "precio": "85.00",
        "imagen": "",
        "categoria": 4,
        "is_active": true,
        "ingredientes": [
            1,
            16,
            19,
            20,
            22
        ]
    }
},
{
    "model": "menu.producto",
    "pk": 19,
    "fields": {
        "nombre": "Caldo de Camarón",
        "descripcion": "Tradicional y reconfortante caldo rojo sazonado con chiles secos, servido bien caliente con camarones frescos (con cabeza para más sabor) y papas con zanahoria.",
        "precio": "155.00",
        "imagen": "",
        "categoria": 5,
        "is_active": true,
        "ingredientes": [
            1
        ]
    }
},
{
    "model": "menu.producto",
    "pk": 20,
    "fields": {
        "nombre": "Sopa de Mariscos Especial",
        "descripcion": "Deliciosa sopa caliente que reúne lo mejor del mar: camarón, pulpo, pescado, caracol y mejillones en un sabroso caldo rojo de la casa aromatizado con epazote.",
        "precio": "195.00",
        "imagen": "",
        "categoria": 5,
        "is_active": true,
        "ingredientes": [
            1,
            2,
            3,
            4,
            5
        ]
    }
},
{
    "model": "menu.producto",
    "pk": 21,
    "fields": {
        "nombre": "Chilpachole de Jaiba",
        "descripcion": "Un clásico veracruzano: Caldo espeso de jaiba sazonado con chiles secos, epazote y masa de maíz para darle cuerpo. Servido con limón fresco.",
        "precio": "140.00",
        "imagen": "",
        "categoria": 5,
        "is_active": true,
        "ingredientes": [
            6,
            12
        ]
    }
},
{
    "model": "menu.producto",
    "pk": 22,
    "fields": {
        "nombre": "Flan Napolitano Casero",
        "descripcion": "Delicioso flan cremoso horneado en casa, con queso crema, vainilla y cubierto de un caramelo dorado y dulce.",
        "precio": "60.00",
        "imagen": "",
        "categoria": 6,
        "is_active": true,
        "ingredientes": []
    }
},
{
    "model": "menu.producto",
    "pk": 23,
    "fields": {
        "nombre": "Pay de Limón Helado",
        "descripcion": "Postre clásico y refrescante estructurado en capas de galletas María crujientes y una crema suave de limón natural condensada.",
        "precio": "55.00",
        "imagen": "",
        "categoria": 6,
        "is_active": true,
        "ingredientes": [
            12
        ]
    }
},
{
    "model": "menu.producto",
    "pk": 24,
    "fields": {
        "nombre": "Pastel de Tres Leches",
        "descripcion": "Esponjosa rebanada de pastel húmedo bañado en nuestra mezcla tradicional de tres leches y decorado con crema batida y un toque de canela.",
        "precio": "70.00",
        "imagen": "",
        "categoria": 6,
        "is_active": true,
        "ingredientes": []
    }
},
{
    "model": "menu.producto",
    "pk": 25,
    "fields": {
        "nombre": "Coca Cola Original",
        "descripcion": "Refresco de Coca Cola original frío en presentación de lata de 355ml.",
        "precio": "30.00",
        "imagen": "",
        "categoria": 7,
        "is_active": true,
        "ingredientes": []
    }
},
{
    "model": "menu.producto",
    "pk": 26,
    "fields": {
        "nombre": "Cerveza Corona Extra",
        "descripcion": "Cerveza clara mexicana bien fría de 355ml. Acompañante ideal para platillos del mar.",
        "precio": "45.00",
        "imagen": "",
        "categoria": 7,
        "is_active": true,
        "ingredientes": [
            12
        ]
    }
},
{
    "model": "menu.producto",
    "pk": 27,
    "fields": {
        "nombre": "Clamato Prepared",
        "descripcion": "Jugo de tomate con almeja mezclado con salsas negras picantes, jugo de limón fresco y sal, servido en vaso escarchado con chile en polvo y sal de apio.",
        "precio": "75.00",
        "imagen": "",
        "categoria": 7,
        "is_active": true,
        "ingredientes": [
            12
        ]
    }
},
{
    "model": "menu.producto",
    "pk": 28,
    "fields": {
        "nombre": "Agua de Horchata Grande (1L)",
        "descripcion": "Tradicional y refrescante agua de arroz casera, endulzada con leche condensada y un toque de canela. Presentación de 1 Litro.",
        "precio": "45.00",
        "imagen": "",
        "categoria": 7,
        "is_active": true,
        "ingredientes": []
    }
},
{
    "model": "menu.producto",
    "pk": 29,
    "fields": {
        "nombre": "Agua de Jamaica Grande (1L)",
        "descripcion": "Agua fresca 100% natural elaborada con flores de jamaica seleccionadas. Refrescante y ácida. Presentación de 1 Litro.",
        "precio": "45.00",
        "imagen": "",
        "categoria": 7,
        "is_active": true,
        "ingredientes": []
    }
},
{
    "model": "menu.producto",
    "pk": 30,
    "fields": {
        "nombre": "Limonada Mineral",
        "descripcion": "Limonada refrescante preparada al momento con agua mineral gasificada, jugo de limones recién exprimidos y jarabe endulzante.",
        "precio": "50.00",
        "imagen": "",
        "categoria": 7,
        "is_active": true,
        "ingredientes": [
            12
        ]
    }
},
{
    "model": "menu.producto",
    "pk": 31,
    "fields": {
        "nombre": "Agua Embotellada",
        "descripcion": "Agua purificada natural en botella de 600ml.",
        "precio": "25.00",
        "imagen": "",
        "categoria": 7,
        "is_active": true,
        "ingredientes": []
    }
}
]
