[
{
    "model": "auth.user",
    "fields": {
        "password": "pbkdf2_sha256$1200000$4zl9dy3ZIDzoQ32EOmdjDI$mAdy5wmvSOfAvjbm6Qb/vaCLfzc+FvXU6aZFW4O/UoI=",
        "last_login": null,
        "is_superuser": true,
        "username": "profe",
        "first_name": "",
        "last_name": "",
        "email": "",
        "is_staff": true,
        "is_active": true,
        "date_joined": "2026-05-19T01:23:30.704Z",
        "groups": [],
        "user_permissions": []
    }
},
{
    "model": "menu.categoriaproducto",
    "pk": 1,
    "fields": {
        "nombre": "Entradas y Botanas"
    }
},
{
    "model": "menu.categoriaproducto",
    "pk": 2,
    "fields": {
        "nombre": "Ceviches y Aguachiles"
    }
},
{
    "model": "menu.categoriaproducto",
    "pk": 3,
    "fields": {
        "nombre": "Especialidades del Mar"
    }
},
{
    "model": "menu.categoriaproducto",
    "pk": 4,
    "fields": {
        "nombre": "Tacos y Quesadillas"
    }
},
{
    "model": "menu.categoriaproducto",
    "pk": 5,
    "fields": {
        "nombre": "Caldos y Sopas"
    }
},
{
    "model": "menu.categoriaproducto",
    "pk": 6,
    "fields": {
        "nombre": "Postres"
    }
},
{
    "model": "menu.categoriaproducto",
    "pk": 7,
    "fields": {
        "nombre": "Bebidas"
    }
},
{
    "model": "menu.ingrediente",
    "pk": 1,
    "fields": {
        "nombre": "Camarón"
    }
},
{
    "model": "menu.ingrediente",
    "pk": 2,
    "fields": {
        "nombre": "Pulpo"
    }
},
{
    "model": "menu.ingrediente",
    "pk": 3,
    "fields": {
        "nombre": "Pescado"
    }
},
{
    "model": "menu.ingrediente",
    "pk": 4,
    "fields": {
        "nombre": "Caracol"
    }
},
{
    "model": "menu.ingrediente",
    "pk": 5,
    "fields": {
        "nombre": "Mejillón"
    }
},
{
    "model": "menu.ingrediente",
    "pk": 6,
    "fields": {
        "nombre": "Jaiba"
    }
},
{
    "model": "menu.ingrediente",
    "pk": 7,
    "fields": {
        "nombre": "Cebolla Morada"
    }
},
{
    "model": "menu.ingrediente",
    "pk": 8,
    "fields": {
        "nombre": "Cebolla Blanca"
    }
},
{
    "model": "menu.ingrediente",
    "pk": 9,
    "fields": {
        "nombre": "Cilantro"
    }
},
{
    "model": "menu.ingrediente",
    "pk": 10,
    "fields": {
        "nombre": "Jitomate"
    }
},
{
    "model": "menu.ingrediente",
    "pk": 11,
    "fields": {
        "nombre": "Pepino"
    }
},
{
    "model": "menu.ingrediente",
    "pk": 12,
    "fields": {
        "nombre": "Limón"
    }
},
{
    "model": "menu.ingrediente",
    "pk": 13,
    "fields": {
        "nombre": "Chile Serrano"
    }
},
{
    "model": "menu.ingrediente",
    "pk": 14,
    "fields": {
        "nombre": "Aguacate"
    }
},
{
    "model": "menu.ingrediente",
    "pk": 15,
    "fields": {
        "nombre": "Ajo"
    }
},
{
    "model": "menu.ingrediente",
    "pk": 16,
    "fields": {
        "nombre": "Queso Oaxaca"
    }
},
{
    "model": "menu.ingrediente",
    "pk": 17,
    "fields": {
        "nombre": "Tocino"
    }
},
{
    "model": "menu.ingrediente",
    "pk": 18,
    "fields": {
        "nombre": "Salsa Chipotle"
    }
},
{
    "model": "menu.ingrediente",
    "pk": 19,
    "fields": {
        "nombre": "Mantequilla"
    }
},
{
    "model": "menu.ingrediente",
    "pk": 20,
    "fields": {
        "nombre": "Pimienta"
    }
},
{
    "model": "menu.ingrediente",
    "pk": 21,
    "fields": {
        "nombre": "Tortilla de Maíz"
    }
},
{
    "model": "menu.ingrediente",
    "pk": 22,
    "fields": {
        "nombre": "Tortilla de Harina"
    }
},
{
    "model": "menu.ingrediente",
    "pk": 23,
    "fields": {
        "nombre": "Piña"
    }
},
{
    "model": "menu.ingrediente",
    "pk": 24,
    "fields": {
        "nombre": "Coco"
    }
},
{
    "model": "menu.producto",
    "pk": 1,
    "fields": {
        "nombre": "Tostada de Ceviche de Pescado",
        "descripcion": "Filete de pescado fresco cortado en cubos, curtido en jugo de limón natural con cebolla morada, cilantro, pepino y aguacate cremoso encima.",
        "precio": "65.00",
        "imagen": "",
        "categoria": 1,
        "is_active": true,
        "ingredientes": [
            3,
            7,
            9,
            11,
            12,
            14
        ]
    }
},
{
    "model": "menu.producto",
    "pk": 2,
    "fields": {
        "nombre": "Empanadas de Camarón (3 pzas)",
        "descripcion": "Crujientes empanadas de maíz fritas y rellenas de camarón guisado con especias y queso Oaxaca fundido. Acompañadas de aderezo chipotle.",
        "precio": "95.00",
        "imagen": "",
        "categoria": 1,
        "is_active": true,
        "ingredientes": [
            1,
            16,
            18
        ]
    }
},
{
    "model": "menu.producto",
    "pk": 3,
    "fields": {
        "nombre": "Chicharrón de Pescado",
        "descripcion": "Trozos crujientes de filete de pescado fritos al punto dorado perfecto. Servidos con salsa tártara de la casa y rodajas de limón.",
        "precio": "145.00",
        "imagen": "",
        "categoria": 1,
        "is_active": true,
        "ingredientes": [
            3,
            12
        ]
    }
},
{
    "model": "menu.producto",
    "pk": 4,
    "fields": {
        "nombre": "Toritos de Camarón (4 pzas)",
        "descripcion": "Chiles jalapeños rellenos de camarón picado y queso crema, envueltos en tocino crujiente y bañados en salsa de soya preparada.",
        "precio": "125.00",
        "imagen": "",
        "categoria": 1,
        "is_active": true,
        "ingredientes": [
            1,
            15,
            17
        ]
    }
},
{
    "model": "menu.producto",
    "pk": 5,
    "fields": {
        "nombre": "Guacamole Tradicional",
        "descripcion": "Guacamole fresco preparado al momento con aguacates de primera, jitomate picado, cebolla, cilantro y un toque de limón. Servido con totopos crujientes.",
        "precio": "80.00",
        "imagen": "",
        "categoria": 1,
        "is_active": true,
        "ingredientes": [
            8,
            9,
            10,
            12,
            14
        ]
    }
},
{
    "model": "menu.producto",
    "pk": 6,
    "fields": {
        "nombre": "Ceviche Tawa Especial",
        "descripcion": "Nuestra especialidad de ceviche mixto con camarón cocido, camarón curtido en limón, pulpo tierno, pepino, cebolla morada y la salsa negra especial de la casa.",
        "precio": "185.00",
        "imagen": "",
        "categoria": 2,
        "is_active": true,
        "ingredientes": [
            1,
            2,
            7,
            11,
            12
        ]
    }
},
{
    "model": "menu.producto",
    "pk": 7,
    "fields": {
        "nombre": "Aguachile Verde de Camarón",
        "descripcion": "Camarones abiertos en mariposa curtidos al momento en jugo de limón, bañados en una intensa y picante salsa de chile serrano y cilantro fresco. Con pepino y cebolla morada.",
        "precio": "175.00",
        "imagen": "",
        "categoria": 2,
        "is_active": true,
        "ingredientes": [
            1,
            7,
            9,
            11,
            12,
            13
        ]
    }
},
{
    "model": "menu.producto",
    "pk": 8,
    "fields": {
        "nombre": "Aguachile Negro de Camarón",
        "descripcion": "Camarones frescos curtidos en jugo de limón y bañados en una salsa negra artesanal a base de chiles tatemados y salsa de soya. Servidos con pepino y cebolla morada.",
        "precio": "180.00",
        "imagen": "",
        "categoria": 2,
        "is_active": true,
        "ingredientes": [
            1,
            7,
            11,
            12
        ]
    }
},
{
    "model": "menu.producto",
    "pk": 9,
    "fields": {
        "nombre": "Tostada de Ceviche de Pulpo",
        "descripcion": "Delicioso pulpo picado y curtido en limón con jitomate, pepino, cebolla morada, cilantro y rebanadas de aguacate sobre una tostada de maíz crujiente.",
        "precio": "85.00",
        "imagen": "",
        "categoria": 2,
        "is_active": true,
        "ingredientes": [
            2,
            7,
            9,
            11,
            12,
            14
        ]
    }
},
{
    "model": "menu.producto",
    "pk": 10,
    "fields": {
        "nombre": "Coctel Campechana",
        "descripcion": "Gran combinación de camarón fresco, pulpo y caracol, servidos en nuestra salsa cóctel especial de Clamato con cilantro, cebolla picada y aguacate.",
        "precio": "160.00",
        "imagen": "",
        "categoria": 3,
        "is_active": true,
        "ingredientes": [
            1,
            2,
            4,
            8,
            9,
            14
        ]
    }
},
{
    "model": "menu.producto",
    "pk": 11,
    "fields": {
        "nombre": "Mariscada TAWA (Familiar)",
        "descripcion": "El festín definitivo: Pulpo encebollado, camarones al mojo de ajo, filete de pescado empanizado, camarones a la diabla y mejillones sazonados. Ideal para compartir entre 3 o 4 personas.",
        "precio": "580.00",
        "imagen": "",
        "categoria": 3,
        "is_active": true,
        "ingredientes": [
            1,
            2,
            3,
            5,
            8,
            15,
            19
        ]
    }
},
{
    "model": "menu.producto",
    "pk": 12,
    "fields": {
        "nombre": "Pulpos a la Gallega",
        "descripcion": "Pulpo tierno cocido al punto óptimo y sazonado con pimentón español, sal de grano y abundante aceite de oliva virgen extra. Servido sobre una cama de papas cocidas.",
        "precio": "240.00",
        "imagen": "",
        "categoria": 3,
        "is_active": true,
        "ingredientes": [
            2,
            15
        ]
    }
},
{
    "model": "menu.producto",
    "pk": 13,
    "fields": {
        "nombre": "Camarones Empanizados",
        "descripcion": "Camarones grandes rebosados en pan molido crujiente y fritos. Acompañados de arroz blanco, ensalada fresca y aderezo chipotle de la casa.",
        "precio": "190.00",
        "imagen": "",
        "categoria": 3,
        "is_active": true,
        "ingredientes": [
            1,
            18
        ]
    }
},
{
    "model": "menu.producto",
    "pk": 14,
    "fields": {
        "nombre": "Mojarra Frita al Mojo de Ajo",
        "descripcion": "Mojarra fresca entera sazonada y frita a la perfección, bañada en abundante ajo dorado y crujiente en mantequilla. Acompañada de arroz y ensalada.",
        "precio": "170.00",
        "imagen": "",
        "categoria": 3,
        "is_active": true,
        "ingredientes": [
            3,
            12,
            15,
            19
        ]
    }
},
{
    "model": "menu.producto",
    "pk": 15,
    "fields": {
        "nombre": "Filete de Pescado al Ajillo",
        "descripcion": "Filete de pescado fresco a la plancha bañado en ajo tierno finamente picado y aros de chile guajillo dorados en aceite de oliva.",
        "precio": "165.00",
        "imagen": "",
        "categoria": 3,
        "is_active": true,
        "ingredientes": [
            3,
            15
        ]
    }
},
{
    "model": "menu.producto",
    "pk": 16,
    "fields": {
        "nombre": "Taco Gobernador",
        "descripcion": "Taco en tortilla de maíz hecha a mano con camarón guisado con cebolla blanca, pimiento y tomate, gratinado con abundante queso Oaxaca fundido.",
        "precio": "55.00",
        "imagen": "",
        "categoria": 4,
        "is_active": true,
        "ingredientes": [
            1,
            8,
            16,
            21
        ]
    }
},
{
    "model": "menu.producto",
    "pk": 17,
    "fields": {
        "nombre": "Taco Capeado Ensenada",
        "descripcion": "Filete de pescado capeado al estilo tradicional de Ensenada, frito hasta quedar esponjoso. Servido con col picada, pico de gallo y aderezo de chipotle.",
        "precio": "48.00",
        "imagen": "",
        "categoria": 4,
        "is_active": true,
        "ingredientes": [
            3,
            8,
            9,
            10,
            12,
            21
        ]
    }
},
{
    "model": "menu.producto",
    "pk": 18,
    "fields": {
        "nombre": "Quesadilla de Camarón",
        "descripcion": "Tortilla de harina de trigo grande rellena de queso Oaxaca derretido y camarones salteados a la plancha con mantequilla y pimienta.",
        "precio": "85.00",
        "imagen": "",
        "categoria": 4,
        "is_active": true,
        "ingredientes": [
            1,
            16,
            19,
            20,
            22
        ]
    }
},
{
    "model": "menu.producto",
    "pk": 19,
    "fields": {
        "nombre": "Caldo de Camarón",
        "descripcion": "Tradicional y reconfortante caldo rojo sazonado con chiles secos, servido bien caliente con camarones frescos (con cabeza para más sabor) y papas con zanahoria.",
        "precio": "155.00",
        "imagen": "",
        "categoria": 5,
        "is_active": true,
        "ingredientes": [
            1
        ]
    }
},
{
    "model": "menu.producto",
    "pk": 20,
    "fields": {
        "nombre": "Sopa de Mariscos Especial",
        "descripcion": "Deliciosa sopa caliente que reúne lo mejor del mar: camarón, pulpo, pescado, caracol y mejillones en un sabroso caldo rojo de la casa aromatizado con epazote.",
        "precio": "195.00",
        "imagen": "",
        "categoria": 5,
        "is_active": true,
        "ingredientes": [
            1,
            2,
            3,
            4,
            5
        ]
    }
},
{
    "model": "menu.producto",
    "pk": 21,
    "fields": {
        "nombre": "Chilpachole de Jaiba",
        "descripcion": "Un clásico veracruzano: Caldo espeso de jaiba sazonado con chiles secos, epazote y masa de maíz para darle cuerpo. Servido con limón fresco.",
        "precio": "140.00",
        "imagen": "",
        "categoria": 5,
        "is_active": true,
        "ingredientes": [
            6,
            12
        ]
    }
},
{
    "model": "menu.producto",
    "pk": 22,
    "fields": {
        "nombre": "Flan Napolitano Casero",
        "descripcion": "Delicioso flan cremoso horneado en casa, con queso crema, vainilla y cubierto de un caramelo dorado y dulce.",
        "precio": "60.00",
        "imagen": "",
        "categoria": 6,
        "is_active": true,
        "ingredientes": []
    }
},
{
    "model": "menu.producto",
    "pk": 23,
    "fields": {
        "nombre": "Pay de Limón Helado",
        "descripcion": "Postre clásico y refrescante estructurado en capas de galletas María crujientes y una crema suave de limón natural condensada.",
        "precio": "55.00",
        "imagen": "",
        "categoria": 6,
        "is_active": true,
        "ingredientes": [
            12
        ]
    }
},
{
    "model": "menu.producto",
    "pk": 24,
    "fields": {
        "nombre": "Pastel de Tres Leches",
        "descripcion": "Esponjosa rebanada de pastel húmedo bañado en nuestra mezcla tradicional de tres leches y decorado con crema batida y un toque de canela.",
        "precio": "70.00",
        "imagen": "",
        "categoria": 6,
        "is_active": true,
        "ingredientes": []
    }
},
{
    "model": "menu.producto",
    "pk": 25,
    "fields": {
        "nombre": "Coca Cola Original",
        "descripcion": "Refresco de Coca Cola original frío en presentación de lata de 355ml.",
        "precio": "30.00",
        "imagen": "",
        "categoria": 7,
        "is_active": true,
        "ingredientes": []
    }
},
{
    "model": "menu.producto",
    "pk": 26,
    "fields": {
        "nombre": "Cerveza Corona Extra",
        "descripcion": "Cerveza clara mexicana bien fría de 355ml. Acompañante ideal para platillos del mar.",
        "precio": "45.00",
        "imagen": "",
        "categoria": 7,
        "is_active": true,
        "ingredientes": [
            12
        ]
    }
},
{
    "model": "menu.producto",
    "pk": 27,
    "fields": {
        "nombre": "Clamato Prepared",
        "descripcion": "Jugo de tomate con almeja mezclado con salsas negras picantes, jugo de limón fresco y sal, servido en vaso escarchado con chile en polvo y sal de apio.",
        "precio": "75.00",
        "imagen": "",
        "categoria": 7,
        "is_active": true,
        "ingredientes": [
            12
        ]
    }
},
{
    "model": "menu.producto",
    "pk": 28,
    "fields": {
        "nombre": "Agua de Horchata Grande (1L)",
        "descripcion": "Tradicional y refrescante agua de arroz casera, endulzada con leche condensada y un toque de canela. Presentación de 1 Litro.",
        "precio": "45.00",
        "imagen": "",
        "categoria": 7,
        "is_active": true,
        "ingredientes": []
    }
},
{
    "model": "menu.producto",
    "pk": 29,
    "fields": {
        "nombre": "Agua de Jamaica Grande (1L)",
        "descripcion": "Agua fresca 100% natural elaborada con flores de jamaica seleccionadas. Refrescante y ácida. Presentación de 1 Litro.",
        "precio": "45.00",
        "imagen": "",
        "categoria": 7,
        "is_active": true,
        "ingredientes": []
    }
},
{
    "model": "menu.producto",
    "pk": 30,
    "fields": {
        "nombre": "Limonada Mineral",
        "descripcion": "Limonada refrescante preparada al momento con agua mineral gasificada, jugo de limones recién exprimidos y jarabe endulzante.",
        "precio": "50.00",
        "imagen": "",
        "categoria": 7,
        "is_active": true,
        "ingredientes": [
            12
        ]
    }
},
{
    "model": "menu.producto",
    "pk": 31,
    "fields": {
        "nombre": "Agua Embotellada",
        "descripcion": "Agua purificada natural en botella de 600ml.",
        "precio": "25.00",
        "imagen": "",
        "categoria": 7,
        "is_active": true,
        "ingredientes": []
    }
},
{
    "model": "menu.orden",
    "pk": 1,
    "fields": {
        "mesa": null,
        "es_para_llevar": true,
        "metodo_pago": "TARJETA",
        "propina": "0.00",
        "subtotal": "340.00",
        "iva": "54.40",
        "total": "394.40",
        "created_at": "2026-05-13T17:54:34.014Z",
        "estado": "TERMINADA"
    }
},
{
    "model": "menu.orden",
    "pk": 2,
    "fields": {
        "mesa": 3,
        "es_para_llevar": false,
        "metodo_pago": "EFECTIVO",
        "propina": "0.00",
        "subtotal": "1065.00",
        "iva": "170.40",
        "total": "1235.40",
        "created_at": "2026-05-13T13:43:23.014Z",
        "estado": "CANCELADA"
    }
},
{
    "model": "menu.orden",
    "pk": 3,
    "fields": {
        "mesa": 11,
        "es_para_llevar": false,
        "metodo_pago": "TARJETA",
        "propina": "62.10",
        "subtotal": "345.00",
        "iva": "55.20",
        "total": "462.30",
        "created_at": "2026-05-13T12:00:54.014Z",
        "estado": "TERMINADA"
    }
},
{
    "model": "menu.orden",
    "pk": 4,
    "fields": {
        "mesa": null,
        "es_para_llevar": true,
        "metodo_pago": "TRANSFERENCIA",
        "propina": "18.00",
        "subtotal": "120.00",
        "iva": "19.20",
        "total": "157.20",
        "created_at": "2026-05-13T14:50:26.014Z",
        "estado": "TERMINADA"
    }
},
{
    "model": "menu.orden",
    "pk": 5,
    "fields": {
        "mesa": null,
        "es_para_llevar": true,
        "metodo_pago": "EFECTIVO",
        "propina": "0.00",
        "subtotal": "690.00",
        "iva": "110.40",
        "total": "800.40",
        "created_at": "2026-05-13T16:09:10.014Z",
        "estado": "TERMINADA"
    }
},
{
    "model": "menu.orden",
    "pk": 6,
    "fields": {
        "mesa": null,
        "es_para_llevar": true,
        "metodo_pago": "TRANSFERENCIA",
        "propina": "0.00",
        "subtotal": "423.00",
        "iva": "67.68",
        "total": "490.68",
        "created_at": "2026-05-14T15:38:56.014Z",
        "estado": "TERMINADA"
    }
},
{
    "model": "menu.orden",
    "pk": 7,
    "fields": {
        "mesa": 12,
        "es_para_llevar": false,
        "metodo_pago": "TARJETA",
        "propina": "277.50",
        "subtotal": "1850.00",
        "iva": "296.00",
        "total": "2423.50",
        "created_at": "2026-05-14T11:44:29.014Z",
        "estado": "TERMINADA"
    }
},
{
    "model": "menu.orden",
    "pk": 8,
    "fields": {
        "mesa": null,
        "es_para_llevar": true,
        "metodo_pago": "TRANSFERENCIA",
        "propina": "0.00",
        "subtotal": "1285.00",
        "iva": "205.60",
        "total": "1490.60",
        "created_at": "2026-05-14T20:50:31.014Z",
        "estado": "CANCELADA"
    }
},
{
    "model": "menu.orden",
    "pk": 9,
    "fields": {
        "mesa": null,
        "es_para_llevar": true,
        "metodo_pago": "TARJETA",
        "propina": "189.90",
        "subtotal": "1055.00",
        "iva": "168.80",
        "total": "1413.70",
        "created_at": "2026-05-14T11:55:02.014Z",
        "estado": "TERMINADA"
    }
},
{
    "model": "menu.orden",
    "pk": 10,
    "fields": {
        "mesa": null,
        "es_para_llevar": true,
        "metodo_pago": "TARJETA",
        "propina": "32.25",
        "subtotal": "215.00",
        "iva": "34.40",
        "total": "281.65",
        "created_at": "2026-05-14T11:55:11.014Z",
        "estado": "TERMINADA"
    }
},
{
    "model": "menu.orden",
    "pk": 11,
    "fields": {
        "mesa": null,
        "es_para_llevar": true,
        "metodo_pago": "TRANSFERENCIA",
        "propina": "20.25",
        "subtotal": "135.00",
        "iva": "21.60",
        "total": "176.85",
        "created_at": "2026-05-14T12:53:53.014Z",
        "estado": "TERMINADA"
    }
},
{
    "model": "menu.orden",
    "pk": 12,
    "fields": {
        "mesa": 8,
        "es_para_llevar": false,
        "metodo_pago": "EFECTIVO",
        "propina": "0.00",
        "subtotal": "1405.00",
        "iva": "224.80",
        "total": "1629.80",
        "created_at": "2026-05-15T14:34:27.014Z",
        "estado": "TERMINADA"
    }
},
{
    "model": "menu.orden",
    "pk": 13,
    "fields": {
        "mesa": null,
        "es_para_llevar": true,
        "metodo_pago": "EFECTIVO",
        "propina": "0.00",
        "subtotal": "160.00",
        "iva": "25.60",
        "total": "185.60",
        "created_at": "2026-05-15T13:42:40.014Z",
        "estado": "TERMINADA"
    }
},
{
    "model": "menu.orden",
    "pk": 14,
    "fields": {
        "mesa": 2,
        "es_para_llevar": false,
        "metodo_pago": "EFECTIVO",
        "propina": "0.00",
        "subtotal": "585.00",
        "iva": "93.60",
        "total": "678.60",
        "created_at": "2026-05-15T11:57:24.014Z",
        "estado": "TERMINADA"
    }
},
{
    "model": "menu.orden",
    "pk": 15,
    "fields": {
        "mesa": 7,
        "es_para_llevar": false,
        "metodo_pago": "TARJETA",
        "propina": "13.50",
        "subtotal": "135.00",
        "iva": "21.60",
        "total": "170.10",
        "created_at": "2026-05-15T12:23:44.014Z",
        "estado": "TERMINADA"
    }
},
{
    "model": "menu.orden",
    "pk": 16,
    "fields": {
        "mesa": 9,
        "es_para_llevar": false,
        "metodo_pago": "TARJETA",
        "propina": "284.00",
        "subtotal": "2840.00",
        "iva": "454.40",
        "total": "3578.40",
        "created_at": "2026-05-15T12:32:11.014Z",
        "estado": "TERMINADA"
    }
},
{
    "model": "menu.orden",
    "pk": 17,
    "fields": {
        "mesa": 2,
        "es_para_llevar": false,
        "metodo_pago": "EFECTIVO",
        "propina": "60.00",
        "subtotal": "600.00",
        "iva": "96.00",
        "total": "756.00",
        "created_at": "2026-05-15T14:33:47.014Z",
        "estado": "TERMINADA"
    }
},
{
    "model": "menu.orden",
    "pk": 18,
    "fields": {
        "mesa": null,
        "es_para_llevar": true,
        "metodo_pago": "EFECTIVO",
        "propina": "29.25",
        "subtotal": "195.00",
        "iva": "31.20",
        "total": "255.45",
        "created_at": "2026-05-15T21:20:11.014Z",
        "estado": "TERMINADA"
    }
},
{
    "model": "menu.orden",
    "pk": 19,
    "fields": {
        "mesa": 6,
        "es_para_llevar": false,
        "metodo_pago": "TRANSFERENCIA",
        "propina": "0.00",
        "subtotal": "165.00",
        "iva": "26.40",
        "total": "191.40",
        "created_at": "2026-05-15T19:19:43.014Z",
        "estado": "TERMINADA"
    }
},
{
    "model": "menu.orden",
    "pk": 20,
    "fields": {
        "mesa": null,
        "es_para_llevar": true,
        "metodo_pago": "EFECTIVO",
        "propina": "0.00",
        "subtotal": "1025.00",
        "iva": "164.00",
        "total": "1189.00",
        "created_at": "2026-05-15T17:59:43.014Z",
        "estado": "CANCELADA"
    }
},
{
    "model": "menu.orden",
    "pk": 21,
    "fields": {
        "mesa": null,
        "es_para_llevar": true,
        "metodo_pago": "EFECTIVO",
        "propina": "182.70",
        "subtotal": "1015.00",
        "iva": "162.40",
        "total": "1360.10",
        "created_at": "2026-05-15T21:00:32.014Z",
        "estado": "TERMINADA"
    }
},
{
    "model": "menu.orden",
    "pk": 22,
    "fields": {
        "mesa": 9,
        "es_para_llevar": false,
        "metodo_pago": "TRANSFERENCIA",
        "propina": "131.50",
        "subtotal": "1315.00",
        "iva": "210.40",
        "total": "1656.90",
        "created_at": "2026-05-16T13:18:59.014Z",
        "estado": "TERMINADA"
    }
},
{
    "model": "menu.orden",
    "pk": 23,
    "fields": {
        "mesa": 1,
        "es_para_llevar": false,
        "metodo_pago": "EFECTIVO",
        "propina": "0.00",
        "subtotal": "160.00",
        "iva": "25.60",
        "total": "185.60",
        "created_at": "2026-05-16T13:45:20.014Z",
        "estado": "TERMINADA"
    }
},
{
    "model": "menu.orden",
    "pk": 24,
    "fields": {
        "mesa": null,
        "es_para_llevar": true,
        "metodo_pago": "EFECTIVO",
        "propina": "225.00",
        "subtotal": "1500.00",
        "iva": "240.00",
        "total": "1965.00",
        "created_at": "2026-05-16T18:17:58.014Z",
        "estado": "TERMINADA"
    }
},
{
    "model": "menu.orden",
    "pk": 25,
    "fields": {
        "mesa": null,
        "es_para_llevar": true,
        "metodo_pago": "EFECTIVO",
        "propina": "123.75",
        "subtotal": "825.00",
        "iva": "132.00",
        "total": "1080.75",
        "created_at": "2026-05-16T21:22:47.014Z",
        "estado": "TERMINADA"
    }
},
{
    "model": "menu.orden",
    "pk": 26,
    "fields": {
        "mesa": 3,
        "es_para_llevar": false,
        "metodo_pago": "TRANSFERENCIA",
        "propina": "20.25",
        "subtotal": "135.00",
        "iva": "21.60",
        "total": "176.85",
        "created_at": "2026-05-16T13:25:58.014Z",
        "estado": "TERMINADA"
    }
},
{
    "model": "menu.orden",
    "pk": 27,
    "fields": {
        "mesa": null,
        "es_para_llevar": true,
        "metodo_pago": "EFECTIVO",
        "propina": "0.00",
        "subtotal": "495.00",
        "iva": "79.20",
        "total": "574.20",
        "created_at": "2026-05-16T18:51:15.014Z",
        "estado": "TERMINADA"
    }
},
{
    "model": "menu.orden",
    "pk": 28,
    "fields": {
        "mesa": null,
        "es_para_llevar": true,
        "metodo_pago": "TARJETA",
        "propina": "82.80",
        "subtotal": "460.00",
        "iva": "73.60",
        "total": "616.40",
        "created_at": "2026-05-16T17:42:18.014Z",
        "estado": "TERMINADA"
    }
},
{
    "model": "menu.orden",
    "pk": 29,
    "fields": {
        "mesa": null,
        "es_para_llevar": true,
        "metodo_pago": "EFECTIVO",
        "propina": "0.00",
        "subtotal": "605.00",
        "iva": "96.80",
        "total": "701.80",
        "created_at": "2026-05-16T21:04:23.014Z",
        "estado": "CANCELADA"
    }
},
{
    "model": "menu.orden",
    "pk": 30,
    "fields": {
        "mesa": null,
        "es_para_llevar": true,
        "metodo_pago": "EFECTIVO",
        "propina": "121.50",
        "subtotal": "675.00",
        "iva": "108.00",
        "total": "904.50",
        "created_at": "2026-05-16T20:32:15.014Z",
        "estado": "TERMINADA"
    }
},
{
    "model": "menu.orden",
    "pk": 31,
    "fields": {
        "mesa": null,
        "es_para_llevar": true,
        "metodo_pago": "TRANSFERENCIA",
        "propina": "0.00",
        "subtotal": "585.00",
        "iva": "93.60",
        "total": "678.60",
        "created_at": "2026-05-16T13:57:48.014Z",
        "estado": "TERMINADA"
    }
},
{
    "model": "menu.orden",
    "pk": 32,
    "fields": {
        "mesa": 2,
        "es_para_llevar": false,
        "metodo_pago": "TARJETA",
        "propina": "76.50",
        "subtotal": "765.00",
        "iva": "122.40",
        "total": "963.90",
        "created_at": "2026-05-17T18:47:31.014Z",
        "estado": "TERMINADA"
    }
},
{
    "model": "menu.orden",
    "pk": 33,
    "fields": {
        "mesa": 4,
        "es_para_llevar": false,
        "metodo_pago": "TRANSFERENCIA",
        "propina": "63.50",
        "subtotal": "635.00",
        "iva": "101.60",
        "total": "800.10",
        "created_at": "2026-05-17T11:48:37.014Z",
        "estado": "TERMINADA"
    }
},
{
    "model": "menu.orden",
    "pk": 34,
    "fields": {
        "mesa": 9,
        "es_para_llevar": false,
        "metodo_pago": "TRANSFERENCIA",
        "propina": "100.80",
        "subtotal": "560.00",
        "iva": "89.60",
        "total": "750.40",
        "created_at": "2026-05-17T13:54:12.014Z",
        "estado": "TERMINADA"
    }
},
{
    "model": "menu.orden",
    "pk": 35,
    "fields": {
        "mesa": null,
        "es_para_llevar": true,
        "metodo_pago": "TARJETA",
        "propina": "126.50",
        "subtotal": "1265.00",
        "iva": "202.40",
        "total": "1593.90",
        "created_at": "2026-05-17T11:42:59.014Z",
        "estado": "TERMINADA"
    }
},
{
    "model": "menu.orden",
    "pk": 36,
    "fields": {
        "mesa": null,
        "es_para_llevar": true,
        "metodo_pago": "TARJETA",
        "propina": "111.00",
        "subtotal": "740.00",
        "iva": "118.40",
        "total": "969.40",
        "created_at": "2026-05-17T12:03:28.014Z",
        "estado": "TERMINADA"
    }
},
{
    "model": "menu.orden",
    "pk": 37,
    "fields": {
        "mesa": null,
        "es_para_llevar": true,
        "metodo_pago": "TRANSFERENCIA",
        "propina": "52.50",
        "subtotal": "525.00",
        "iva": "84.00",
        "total": "661.50",
        "created_at": "2026-05-17T13:41:46.014Z",
        "estado": "TERMINADA"
    }
},
{
    "model": "menu.orden",
    "pk": 38,
    "fields": {
        "mesa": null,
        "es_para_llevar": true,
        "metodo_pago": "TRANSFERENCIA",
        "propina": "45.90",
        "subtotal": "255.00",
        "iva": "40.80",
        "total": "341.70",
        "created_at": "2026-05-17T18:42:29.014Z",
        "estado": "TERMINADA"
    }
},
{
    "model": "menu.orden",
    "pk": 39,
    "fields": {
        "mesa": 5,
        "es_para_llevar": false,
        "metodo_pago": "TRANSFERENCIA",
        "propina": "40.50",
        "subtotal": "225.00",
        "iva": "36.00",
        "total": "301.50",
        "created_at": "2026-05-17T16:29:16.014Z",
        "estado": "TERMINADA"
    }
},
{
    "model": "menu.orden",
    "pk": 40,
    "fields": {
        "mesa": 8,
        "es_para_llevar": false,
        "metodo_pago": "TARJETA",
        "propina": "237.60",
        "subtotal": "1320.00",
        "iva": "211.20",
        "total": "1768.80",
        "created_at": "2026-05-18T12:39:38.014Z",
        "estado": "TERMINADA"
    }
},
{
    "model": "menu.orden",
    "pk": 41,
    "fields": {
        "mesa": 10,
        "es_para_llevar": false,
        "metodo_pago": "TARJETA",
        "propina": "72.00",
        "subtotal": "480.00",
        "iva": "76.80",
        "total": "628.80",
        "created_at": "2026-05-18T13:13:57.014Z",
        "estado": "TERMINADA"
    }
},
{
    "model": "menu.orden",
    "pk": 42,
    "fields": {
        "mesa": 1,
        "es_para_llevar": false,
        "metodo_pago": "EFECTIVO",
        "propina": "15.10",
        "subtotal": "151.00",
        "iva": "24.16",
        "total": "190.26",
        "created_at": "2026-05-18T11:55:53.014Z",
        "estado": "TERMINADA"
    }
},
{
    "model": "menu.orden",
    "pk": 43,
    "fields": {
        "mesa": null,
        "es_para_llevar": true,
        "metodo_pago": "EFECTIVO",
        "propina": "3.00",
        "subtotal": "30.00",
        "iva": "4.80",
        "total": "37.80",
        "created_at": "2026-05-18T19:49:41.014Z",
        "estado": "TERMINADA"
    }
},
{
    "model": "menu.orden",
    "pk": 44,
    "fields": {
        "mesa": 9,
        "es_para_llevar": false,
        "metodo_pago": "EFECTIVO",
        "propina": "127.50",
        "subtotal": "1275.00",
        "iva": "204.00",
        "total": "1606.50",
        "created_at": "2026-05-18T17:19:01.014Z",
        "estado": "TERMINADA"
    }
},
{
    "model": "menu.orden",
    "pk": 45,
    "fields": {
        "mesa": 3,
        "es_para_llevar": false,
        "metodo_pago": "TARJETA",
        "propina": "0.00",
        "subtotal": "195.00",
        "iva": "31.20",
        "total": "226.20",
        "created_at": "2026-05-19T11:33:16.014Z",
        "estado": "NUEVA"
    }
},
{
    "model": "menu.orden",
    "pk": 46,
    "fields": {
        "mesa": null,
        "es_para_llevar": true,
        "metodo_pago": "TRANSFERENCIA",
        "propina": "115.02",
        "subtotal": "639.00",
        "iva": "102.24",
        "total": "856.26",
        "created_at": "2026-05-19T19:16:24.014Z",
        "estado": "NUEVA"
    }
},
{
    "model": "menu.orden",
    "pk": 47,
    "fields": {
        "mesa": null,
        "es_para_llevar": true,
        "metodo_pago": "TARJETA",
        "propina": "112.50",
        "subtotal": "1125.00",
        "iva": "180.00",
        "total": "1417.50",
        "created_at": "2026-05-19T19:41:47.014Z",
        "estado": "NUEVA"
    }
},
{
    "model": "menu.orden",
    "pk": 48,
    "fields": {
        "mesa": null,
        "es_para_llevar": true,
        "metodo_pago": "TRANSFERENCIA",
        "propina": "82.50",
        "subtotal": "825.00",
        "iva": "132.00",
        "total": "1039.50",
        "created_at": "2026-05-19T21:03:37.014Z",
        "estado": "TERMINADA"
    }
},
{
    "model": "menu.orden",
    "pk": 49,
    "fields": {
        "mesa": 11,
        "es_para_llevar": false,
        "metodo_pago": "EFECTIVO",
        "propina": "0.00",
        "subtotal": "950.00",
        "iva": "152.00",
        "total": "1102.00",
        "created_at": "2026-05-19T14:52:02.014Z",
        "estado": "PROCESO"
    }
},
{
    "model": "menu.orden",
    "pk": 50,
    "fields": {
        "mesa": 8,
        "es_para_llevar": false,
        "metodo_pago": "TRANSFERENCIA",
        "propina": "96.30",
        "subtotal": "535.00",
        "iva": "85.60",
        "total": "716.90",
        "created_at": "2026-05-19T13:29:18.014Z",
        "estado": "NUEVA"
    }
},
{
    "model": "menu.detalleorden",
    "pk": 1,
    "fields": {
        "orden": 1,
        "producto": 14,
        "cantidad": 2,
        "precio_unitario": "170.00",
        "notas": "",
        "preparado": true
    }
},
{
    "model": "menu.detalleorden",
    "pk": 2,
    "fields": {
        "orden": 2,
        "producto": 14,
        "cantidad": 3,
        "precio_unitario": "170.00",
        "notas": "Aderezo chipotle aparte",
        "preparado": true
    }
},
{
    "model": "menu.detalleorden",
    "pk": 3,
    "fields": {
        "orden": 2,
        "producto": 6,
        "cantidad": 3,
        "precio_unitario": "185.00",
        "notas": "Bien cocido el pescado",
        "preparado": true
    }
},
{
    "model": "menu.detalleorden",
    "pk": 4,
    "fields": {
        "orden": 3,
        "producto": 25,
        "cantidad": 2,
        "precio_unitario": "30.00",
        "notas": "",
        "preparado": true
    }
},
{
    "model": "menu.detalleorden",
    "pk": 5,
    "fields": {
        "orden": 3,
        "producto": 29,
        "cantidad": 1,
        "precio_unitario": "45.00",
        "notas": "Bien cocido el pescado",
        "preparado": true
    }
},
{
    "model": "menu.detalleorden",
    "pk": 6,
    "fields": {
        "orden": 3,
        "producto": 12,
        "cantidad": 1,
        "precio_unitario": "240.00",
        "notas": "",
        "preparado": true
    }
},
{
    "model": "menu.detalleorden",
    "pk": 7,
    "fields": {
        "orden": 4,
        "producto": 22,
        "cantidad": 2,
        "precio_unitario": "60.00",
        "notas": "",
        "preparado": true
    }
},
{
    "model": "menu.detalleorden",
    "pk": 8,
    "fields": {
        "orden": 5,
        "producto": 8,
        "cantidad": 3,
        "precio_unitario": "180.00",
        "notas": "Con bastante limon por favor",
        "preparado": true
    }
},
{
    "model": "menu.detalleorden",
    "pk": 9,
    "fields": {
        "orden": 5,
        "producto": 30,
        "cantidad": 3,
        "precio_unitario": "50.00",
        "notas": "",
        "preparado": true
    }
},
{
    "model": "menu.detalleorden",
    "pk": 10,
    "fields": {
        "orden": 6,
        "producto": 17,
        "cantidad": 1,
        "precio_unitario": "48.00",
        "notas": "Aderezo chipotle aparte",
        "preparado": true
    }
},
{
    "model": "menu.detalleorden",
    "pk": 11,
    "fields": {
        "orden": 6,
        "producto": 26,
        "cantidad": 3,
        "precio_unitario": "45.00",
        "notas": "Salsa chipotle extra para las empanadas",
        "preparado": true
    }
},
{
    "model": "menu.detalleorden",
    "pk": 12,
    "fields": {
        "orden": 6,
        "producto": 5,
        "cantidad": 3,
        "precio_unitario": "80.00",
        "notas": "",
        "preparado": true
    }
},
{
    "model": "menu.detalleorden",
    "pk": 13,
    "fields": {
        "orden": 7,
        "producto": 11,
        "cantidad": 3,
        "precio_unitario": "580.00",
        "notas": "",
        "preparado": true
    }
},
{
    "model": "menu.detalleorden",
    "pk": 14,
    "fields": {
        "orden": 7,
        "producto": 16,
        "cantidad": 2,
        "precio_unitario": "55.00",
        "notas": "",
        "preparado": true
    }
},
{
    "model": "menu.detalleorden",
    "pk": 15,
    "fields": {
        "orden": 8,
        "producto": 10,
        "cantidad": 3,
        "precio_unitario": "160.00",
        "notas": "",
        "preparado": true
    }
},
{
    "model": "menu.detalleorden",
    "pk": 16,
    "fields": {
        "orden": 8,
        "producto": 1,
        "cantidad": 1,
        "precio_unitario": "65.00",
        "notas": "",
        "preparado": true
    }
},
{
    "model": "menu.detalleorden",
    "pk": 17,
    "fields": {
        "orden": 8,
        "producto": 20,
        "cantidad": 2,
        "precio_unitario": "195.00",
        "notas": "",
        "preparado": true
    }
},
{
    "model": "menu.detalleorden",
    "pk": 18,
    "fields": {
        "orden": 8,
        "producto": 7,
        "cantidad": 2,
        "precio_unitario": "175.00",
        "notas": "",
        "preparado": true
    }
},
{
    "model": "menu.detalleorden",
    "pk": 19,
    "fields": {
        "orden": 9,
        "producto": 26,
        "cantidad": 2,
        "precio_unitario": "45.00",
        "notas": "",
        "preparado": true
    }
},
{
    "model": "menu.detalleorden",
    "pk": 20,
    "fields": {
        "orden": 9,
        "producto": 20,
        "cantidad": 2,
        "precio_unitario": "195.00",
        "notas": "",
        "preparado": true
    }
},
{
    "model": "menu.detalleorden",
    "pk": 21,
    "fields": {
        "orden": 9,
        "producto": 9,
        "cantidad": 3,
        "precio_unitario": "85.00",
        "notas": "",
        "preparado": true
    }
},
{
    "model": "menu.detalleorden",
    "pk": 22,
    "fields": {
        "orden": 9,
        "producto": 10,
        "cantidad": 2,
        "precio_unitario": "160.00",
        "notas": "",
        "preparado": true
    }
},
{
    "model": "menu.detalleorden",
    "pk": 23,
    "fields": {
        "orden": 10,
        "producto": 5,
        "cantidad": 1,
        "precio_unitario": "80.00",
        "notas": "Con bastante limon por favor",
        "preparado": true
    }
},
{
    "model": "menu.detalleorden",
    "pk": 24,
    "fields": {
        "orden": 10,
        "producto": 26,
        "cantidad": 3,
        "precio_unitario": "45.00",
        "notas": "",
        "preparado": true
    }
},
{
    "model": "menu.detalleorden",
    "pk": 25,
    "fields": {
        "orden": 11,
        "producto": 28,
        "cantidad": 3,
        "precio_unitario": "45.00",
        "notas": "Sin cebolla morada por favor",
        "preparado": true
    }
},
{
    "model": "menu.detalleorden",
    "pk": 26,
    "fields": {
        "orden": 12,
        "producto": 6,
        "cantidad": 3,
        "precio_unitario": "185.00",
        "notas": "",
        "preparado": true
    }
},
{
    "model": "menu.detalleorden",
    "pk": 27,
    "fields": {
        "orden": 12,
        "producto": 27,
        "cantidad": 2,
        "precio_unitario": "75.00",
        "notas": "",
        "preparado": true
    }
},
{
    "model": "menu.detalleorden",
    "pk": 28,
    "fields": {
        "orden": 12,
        "producto": 14,
        "cantidad": 3,
        "precio_unitario": "170.00",
        "notas": "",
        "preparado": true
    }
},
{
    "model": "menu.detalleorden",
    "pk": 29,
    "fields": {
        "orden": 12,
        "producto": 2,
        "cantidad": 2,
        "precio_unitario": "95.00",
        "notas": "",
        "preparado": true
    }
},
{
    "model": "menu.detalleorden",
    "pk": 30,
    "fields": {
        "orden": 13,
        "producto": 5,
        "cantidad": 2,
        "precio_unitario": "80.00",
        "notas": "",
        "preparado": true
    }
},
{
    "model": "menu.detalleorden",
    "pk": 31,
    "fields": {
        "orden": 14,
        "producto": 20,
        "cantidad": 3,
        "precio_unitario": "195.00",
        "notas": "",
        "preparado": true
    }
},
{
    "model": "menu.detalleorden",
    "pk": 32,
    "fields": {
        "orden": 15,
        "producto": 28,
        "cantidad": 3,
        "precio_unitario": "45.00",
        "notas": "",
        "preparado": true
    }
},
{
    "model": "menu.detalleorden",
    "pk": 33,
    "fields": {
        "orden": 16,
        "producto": 11,
        "cantidad": 3,
        "precio_unitario": "580.00",
        "notas": "",
        "preparado": true
    }
},
{
    "model": "menu.detalleorden",
    "pk": 34,
    "fields": {
        "orden": 16,
        "producto": 21,
        "cantidad": 3,
        "precio_unitario": "140.00",
        "notas": "",
        "preparado": true
    }
},
{
    "model": "menu.detalleorden",
    "pk": 35,
    "fields": {
        "orden": 16,
        "producto": 4,
        "cantidad": 1,
        "precio_unitario": "125.00",
        "notas": "",
        "preparado": true
    }
},
{
    "model": "menu.detalleorden",
    "pk": 36,
    "fields": {
        "orden": 16,
        "producto": 6,
        "cantidad": 3,
        "precio_unitario": "185.00",
        "notas": "",
        "preparado": true
    }
},
{
    "model": "menu.detalleorden",
    "pk": 37,
    "fields": {
        "orden": 17,
        "producto": 7,
        "cantidad": 2,
        "precio_unitario": "175.00",
        "notas": "",
        "preparado": true
    }
},
{
    "model": "menu.detalleorden",
    "pk": 38,
    "fields": {
        "orden": 17,
        "producto": 4,
        "cantidad": 2,
        "precio_unitario": "125.00",
        "notas": "Con bastante limon por favor",
        "preparado": true
    }
},
{
    "model": "menu.detalleorden",
    "pk": 39,
    "fields": {
        "orden": 18,
        "producto": 1,
        "cantidad": 3,
        "precio_unitario": "65.00",
        "notas": "",
        "preparado": true
    }
},
{
    "model": "menu.detalleorden",
    "pk": 40,
    "fields": {
        "orden": 19,
        "producto": 23,
        "cantidad": 3,
        "precio_unitario": "55.00",
        "notas": "El chicharron bien crujiente",
        "preparado": true
    }
},
{
    "model": "menu.detalleorden",
    "pk": 41,
    "fields": {
        "orden": 20,
        "producto": 20,
        "cantidad": 3,
        "precio_unitario": "195.00",
        "notas": "",
        "preparado": true
    }
},
{
    "model": "menu.detalleorden",
    "pk": 42,
    "fields": {
        "orden": 20,
        "producto": 22,
        "cantidad": 2,
        "precio_unitario": "60.00",
        "notas": "",
        "preparado": true
    }
},
{
    "model": "menu.detalleorden",
    "pk": 43,
    "fields": {
        "orden": 20,
        "producto": 10,
        "cantidad": 2,
        "precio_unitario": "160.00",
        "notas": "",
        "preparado": true
    }
},
{
    "model": "menu.detalleorden",
    "pk": 44,
    "fields": {
        "orden": 21,
        "producto": 12,
        "cantidad": 1,
        "precio_unitario": "240.00",
        "notas": "",
        "preparado": true
    }
},
{
    "model": "menu.detalleorden",
    "pk": 45,
    "fields": {
        "orden": 21,
        "producto": 31,
        "cantidad": 3,
        "precio_unitario": "25.00",
        "notas": "",
        "preparado": true
    }
},
{
    "model": "menu.detalleorden",
    "pk": 46,
    "fields": {
        "orden": 21,
        "producto": 14,
        "cantidad": 3,
        "precio_unitario": "170.00",
        "notas": "",
        "preparado": true
    }
},
{
    "model": "menu.detalleorden",
    "pk": 47,
    "fields": {
        "orden": 21,
        "producto": 13,
        "cantidad": 1,
        "precio_unitario": "190.00",
        "notas": "",
        "preparado": true
    }
},
{
    "model": "menu.detalleorden",
    "pk": 48,
    "fields": {
        "orden": 22,
        "producto": 14,
        "cantidad": 3,
        "precio_unitario": "170.00",
        "notas": "",
        "preparado": true
    }
},
{
    "model": "menu.detalleorden",
    "pk": 49,
    "fields": {
        "orden": 22,
        "producto": 11,
        "cantidad": 1,
        "precio_unitario": "580.00",
        "notas": "",
        "preparado": true
    }
},
{
    "model": "menu.detalleorden",
    "pk": 50,
    "fields": {
        "orden": 22,
        "producto": 9,
        "cantidad": 1,
        "precio_unitario": "85.00",
        "notas": "",
        "preparado": true
    }
},
{
    "model": "menu.detalleorden",
    "pk": 51,
    "fields": {
        "orden": 22,
        "producto": 21,
        "cantidad": 1,
        "precio_unitario": "140.00",
        "notas": "Poco picante",
        "preparado": true
    }
},
{
    "model": "menu.detalleorden",
    "pk": 52,
    "fields": {
        "orden": 23,
        "producto": 10,
        "cantidad": 1,
        "precio_unitario": "160.00",
        "notas": "",
        "preparado": true
    }
},
{
    "model": "menu.detalleorden",
    "pk": 53,
    "fields": {
        "orden": 24,
        "producto": 24,
        "cantidad": 3,
        "precio_unitario": "70.00",
        "notas": "Con bastante limon por favor",
        "preparado": true
    }
},
{
    "model": "menu.detalleorden",
    "pk": 54,
    "fields": {
        "orden": 24,
        "producto": 15,
        "cantidad": 3,
        "precio_unitario": "165.00",
        "notas": "",
        "preparado": true
    }
},
{
    "model": "menu.detalleorden",
    "pk": 55,
    "fields": {
        "orden": 24,
        "producto": 8,
        "cantidad": 3,
        "precio_unitario": "180.00",
        "notas": "",
        "preparado": true
    }
},
{
    "model": "menu.detalleorden",
    "pk": 56,
    "fields": {
        "orden": 24,
        "producto": 18,
        "cantidad": 3,
        "precio_unitario": "85.00",
        "notas": "",
        "preparado": true
    }
},
{
    "model": "menu.detalleorden",
    "pk": 57,
    "fields": {
        "orden": 25,
        "producto": 13,
        "cantidad": 3,
        "precio_unitario": "190.00",
        "notas": "",
        "preparado": true
    }
},
{
    "model": "menu.detalleorden",
    "pk": 58,
    "fields": {
        "orden": 25,
        "producto": 18,
        "cantidad": 3,
        "precio_unitario": "85.00",
        "notas": "",
        "preparado": true
    }
},
{
    "model": "menu.detalleorden",
    "pk": 59,
    "fields": {
        "orden": 26,
        "producto": 28,
        "cantidad": 3,
        "precio_unitario": "45.00",
        "notas": "",
        "preparado": true
    }
},
{
    "model": "menu.detalleorden",
    "pk": 60,
    "fields": {
        "orden": 27,
        "producto": 15,
        "cantidad": 3,
        "precio_unitario": "165.00",
        "notas": "Bien cocido el pescado",
        "preparado": true
    }
},
{
    "model": "menu.detalleorden",
    "pk": 61,
    "fields": {
        "orden": 28,
        "producto": 18,
        "cantidad": 1,
        "precio_unitario": "85.00",
        "notas": "",
        "preparado": true
    }
},
{
    "model": "menu.detalleorden",
    "pk": 62,
    "fields": {
        "orden": 28,
        "producto": 4,
        "cantidad": 3,
        "precio_unitario": "125.00",
        "notas": "",
        "preparado": true
    }
},
{
    "model": "menu.detalleorden",
    "pk": 63,
    "fields": {
        "orden": 29,
        "producto": 20,
        "cantidad": 2,
        "precio_unitario": "195.00",
        "notas": "Aderezo chipotle aparte",
        "preparado": true
    }
},
{
    "model": "menu.detalleorden",
    "pk": 64,
    "fields": {
        "orden": 29,
        "producto": 22,
        "cantidad": 1,
        "precio_unitario": "60.00",
        "notas": "",
        "preparado": true
    }
},
{
    "model": "menu.detalleorden",
    "pk": 65,
    "fields": {
        "orden": 29,
        "producto": 2,
        "cantidad": 1,
        "precio_unitario": "95.00",
        "notas": "",
        "preparado": true
    }
},
{
    "model": "menu.detalleorden",
    "pk": 66,
    "fields": {
        "orden": 29,
        "producto": 25,
        "cantidad": 2,
        "precio_unitario": "30.00",
        "notas": "",
        "preparado": true
    }
},
{
    "model": "menu.detalleorden",
    "pk": 67,
    "fields": {
        "orden": 30,
        "producto": 2,
        "cantidad": 3,
        "precio_unitario": "95.00",
        "notas": "",
        "preparado": true
    }
},
{
    "model": "menu.detalleorden",
    "pk": 68,
    "fields": {
        "orden": 30,
        "producto": 28,
        "cantidad": 3,
        "precio_unitario": "45.00",
        "notas": "",
        "preparado": true
    }
},
{
    "model": "menu.detalleorden",
    "pk": 69,
    "fields": {
        "orden": 30,
        "producto": 18,
        "cantidad": 3,
        "precio_unitario": "85.00",
        "notas": "",
        "preparado": true
    }
},
{
    "model": "menu.detalleorden",
    "pk": 70,
    "fields": {
        "orden": 31,
        "producto": 24,
        "cantidad": 3,
        "precio_unitario": "70.00",
        "notas": "",
        "preparado": true
    }
},
{
    "model": "menu.detalleorden",
    "pk": 71,
    "fields": {
        "orden": 31,
        "producto": 28,
        "cantidad": 2,
        "precio_unitario": "45.00",
        "notas": "",
        "preparado": true
    }
},
{
    "model": "menu.detalleorden",
    "pk": 72,
    "fields": {
        "orden": 31,
        "producto": 2,
        "cantidad": 3,
        "precio_unitario": "95.00",
        "notas": "",
        "preparado": true
    }
},
{
    "model": "menu.detalleorden",
    "pk": 73,
    "fields": {
        "orden": 32,
        "producto": 24,
        "cantidad": 2,
        "precio_unitario": "70.00",
        "notas": "",
        "preparado": true
    }
},
{
    "model": "menu.detalleorden",
    "pk": 74,
    "fields": {
        "orden": 32,
        "producto": 10,
        "cantidad": 1,
        "precio_unitario": "160.00",
        "notas": "Sin cebolla morada por favor",
        "preparado": true
    }
},
{
    "model": "menu.detalleorden",
    "pk": 75,
    "fields": {
        "orden": 32,
        "producto": 6,
        "cantidad": 2,
        "precio_unitario": "185.00",
        "notas": "",
        "preparado": true
    }
},
{
    "model": "menu.detalleorden",
    "pk": 76,
    "fields": {
        "orden": 32,
        "producto": 2,
        "cantidad": 1,
        "precio_unitario": "95.00",
        "notas": "",
        "preparado": true
    }
},
{
    "model": "menu.detalleorden",
    "pk": 77,
    "fields": {
        "orden": 33,
        "producto": 5,
        "cantidad": 1,
        "precio_unitario": "80.00",
        "notas": "",
        "preparado": true
    }
},
{
    "model": "menu.detalleorden",
    "pk": 78,
    "fields": {
        "orden": 33,
        "producto": 14,
        "cantidad": 3,
        "precio_unitario": "170.00",
        "notas": "",
        "preparado": true
    }
},
{
    "model": "menu.detalleorden",
    "pk": 79,
    "fields": {
        "orden": 33,
        "producto": 26,
        "cantidad": 1,
        "precio_unitario": "45.00",
        "notas": "",
        "preparado": true
    }
},
{
    "model": "menu.detalleorden",
    "pk": 80,
    "fields": {
        "orden": 34,
        "producto": 5,
        "cantidad": 1,
        "precio_unitario": "80.00",
        "notas": "",
        "preparado": true
    }
},
{
    "model": "menu.detalleorden",
    "pk": 81,
    "fields": {
        "orden": 34,
        "producto": 18,
        "cantidad": 3,
        "precio_unitario": "85.00",
        "notas": "",
        "preparado": true
    }
},
{
    "model": "menu.detalleorden",
    "pk": 82,
    "fields": {
        "orden": 34,
        "producto": 27,
        "cantidad": 3,
        "precio_unitario": "75.00",
        "notas": "",
        "preparado": true
    }
},
{
    "model": "menu.detalleorden",
    "pk": 83,
    "fields": {
        "orden": 35,
        "producto": 24,
        "cantidad": 2,
        "precio_unitario": "70.00",
        "notas": "Con bastante limon por favor",
        "preparado": true
    }
},
{
    "model": "menu.detalleorden",
    "pk": 84,
    "fields": {
        "orden": 35,
        "producto": 13,
        "cantidad": 3,
        "precio_unitario": "190.00",
        "notas": "",
        "preparado": true
    }
},
{
    "model": "menu.detalleorden",
    "pk": 85,
    "fields": {
        "orden": 35,
        "producto": 6,
        "cantidad": 3,
        "precio_unitario": "185.00",
        "notas": "",
        "preparado": true
    }
},
{
    "model": "menu.detalleorden",
    "pk": 86,
    "fields": {
        "orden": 36,
        "producto": 23,
        "cantidad": 3,
        "precio_unitario": "55.00",
        "notas": "",
        "preparado": true
    }
},
{
    "model": "menu.detalleorden",
    "pk": 87,
    "fields": {
        "orden": 36,
        "producto": 10,
        "cantidad": 2,
        "precio_unitario": "160.00",
        "notas": "",
        "preparado": true
    }
},
{
    "model": "menu.detalleorden",
    "pk": 88,
    "fields": {
        "orden": 36,
        "producto": 9,
        "cantidad": 3,
        "precio_unitario": "85.00",
        "notas": "",
        "preparado": true
    }
},
{
    "model": "menu.detalleorden",
    "pk": 89,
    "fields": {
        "orden": 37,
        "producto": 7,
        "cantidad": 3,
        "precio_unitario": "175.00",
        "notas": "",
        "preparado": true
    }
},
{
    "model": "menu.detalleorden",
    "pk": 90,
    "fields": {
        "orden": 38,
        "producto": 9,
        "cantidad": 3,
        "precio_unitario": "85.00",
        "notas": "",
        "preparado": true
    }
},
{
    "model": "menu.detalleorden",
    "pk": 91,
    "fields": {
        "orden": 39,
        "producto": 27,
        "cantidad": 3,
        "precio_unitario": "75.00",
        "notas": "",
        "preparado": true
    }
},
{
    "model": "menu.detalleorden",
    "pk": 92,
    "fields": {
        "orden": 40,
        "producto": 20,
        "cantidad": 3,
        "precio_unitario": "195.00",
        "notas": "Sin cilantro",
        "preparado": true
    }
},
{
    "model": "menu.detalleorden",
    "pk": 93,
    "fields": {
        "orden": 40,
        "producto": 8,
        "cantidad": 1,
        "precio_unitario": "180.00",
        "notas": "",
        "preparado": true
    }
},
{
    "model": "menu.detalleorden",
    "pk": 94,
    "fields": {
        "orden": 40,
        "producto": 6,
        "cantidad": 3,
        "precio_unitario": "185.00",
        "notas": "",
        "preparado": true
    }
},
{
    "model": "menu.detalleorden",
    "pk": 95,
    "fields": {
        "orden": 41,
        "producto": 12,
        "cantidad": 2,
        "precio_unitario": "240.00",
        "notas": "",
        "preparado": true
    }
},
{
    "model": "menu.detalleorden",
    "pk": 96,
    "fields": {
        "orden": 42,
        "producto": 16,
        "cantidad": 1,
        "precio_unitario": "55.00",
        "notas": "El chicharron bien crujiente",
        "preparado": true
    }
},
{
    "model": "menu.detalleorden",
    "pk": 97,
    "fields": {
        "orden": 42,
        "producto": 17,
        "cantidad": 2,
        "precio_unitario": "48.00",
        "notas": "",
        "preparado": true
    }
},
{
    "model": "menu.detalleorden",
    "pk": 98,
    "fields": {
        "orden": 43,
        "producto": 25,
        "cantidad": 1,
        "precio_unitario": "30.00",
        "notas": "Sin cilantro",
        "preparado": true
    }
},
{
    "model": "menu.detalleorden",
    "pk": 99,
    "fields": {
        "orden": 44,
        "producto": 20,
        "cantidad": 3,
        "precio_unitario": "195.00",
        "notas": "Sin aguacate",
        "preparado": true
    }
},
{
    "model": "menu.detalleorden",
    "pk": 100,
    "fields": {
        "orden": 44,
        "producto": 25,
        "cantidad": 3,
        "precio_unitario": "30.00",
        "notas": "Salsa chipotle extra para las empanadas",
        "preparado": true
    }
},
{
    "model": "menu.detalleorden",
    "pk": 101,
    "fields": {
        "orden": 44,
        "producto": 4,
        "cantidad": 3,
        "precio_unitario": "125.00",
        "notas": "",
        "preparado": true
    }
},
{
    "model": "menu.detalleorden",
    "pk": 102,
    "fields": {
        "orden": 44,
        "producto": 27,
        "cantidad": 3,
        "precio_unitario": "75.00",
        "notas": "",
        "preparado": true
    }
},
{
    "model": "menu.detalleorden",
    "pk": 103,
    "fields": {
        "orden": 45,
        "producto": 20,
        "cantidad": 1,
        "precio_unitario": "195.00",
        "notas": "Poco picante",
        "preparado": false
    }
},
{
    "model": "menu.detalleorden",
    "pk": 104,
    "fields": {
        "orden": 46,
        "producto": 27,
        "cantidad": 1,
        "precio_unitario": "75.00",
        "notas": "Con bastante limon por favor",
        "preparado": false
    }
},
{
    "model": "menu.detalleorden",
    "pk": 105,
    "fields": {
        "orden": 46,
        "producto": 21,
        "cantidad": 3,
        "precio_unitario": "140.00",
        "notas": "",
        "preparado": false
    }
},
{
    "model": "menu.detalleorden",
    "pk": 106,
    "fields": {
        "orden": 46,
        "producto": 17,
        "cantidad": 3,
        "precio_unitario": "48.00",
        "notas": "Poco picante",
        "preparado": false
    }
},
{
    "model": "menu.detalleorden",
    "pk": 107,
    "fields": {
        "orden": 47,
        "producto": 10,
        "cantidad": 1,
        "precio_unitario": "160.00",
        "notas": "",
        "preparado": false
    }
},
{
    "model": "menu.detalleorden",
    "pk": 108,
    "fields": {
        "orden": 47,
        "producto": 15,
        "cantidad": 2,
        "precio_unitario": "165.00",
        "notas": "",
        "preparado": false
    }
},
{
    "model": "menu.detalleorden",
    "pk": 109,
    "fields": {
        "orden": 47,
        "producto": 14,
        "cantidad": 1,
        "precio_unitario": "170.00",
        "notas": "Salsa chipotle extra para las empanadas",
        "preparado": false
    }
},
{
    "model": "menu.detalleorden",
    "pk": 110,
    "fields": {
        "orden": 47,
        "producto": 19,
        "cantidad": 3,
        "precio_unitario": "155.00",
        "notas": "Salsa chipotle extra para las empanadas",
        "preparado": false
    }
},
{
    "model": "menu.detalleorden",
    "pk": 111,
    "fields": {
        "orden": 48,
        "producto": 12,
        "cantidad": 2,
        "precio_unitario": "240.00",
        "notas": "",
        "preparado": true
    }
},
{
    "model": "menu.detalleorden",
    "pk": 112,
    "fields": {
        "orden": 48,
        "producto": 1,
        "cantidad": 3,
        "precio_unitario": "65.00",
        "notas": "",
        "preparado": true
    }
},
{
    "model": "menu.detalleorden",
    "pk": 113,
    "fields": {
        "orden": 48,
        "producto": 30,
        "cantidad": 3,
        "precio_unitario": "50.00",
        "notas": "",
        "preparado": true
    }
},
{
    "model": "menu.detalleorden",
    "pk": 114,
    "fields": {
        "orden": 49,
        "producto": 11,
        "cantidad": 1,
        "precio_unitario": "580.00",
        "notas": "",
        "preparado": false
    }
},
{
    "model": "menu.detalleorden",
    "pk": 115,
    "fields": {
        "orden": 49,
        "producto": 6,
        "cantidad": 2,
        "precio_unitario": "185.00",
        "notas": "",
        "preparado": true
    }
},
{
    "model": "menu.detalleorden",
    "pk": 116,
    "fields": {
        "orden": 50,
        "producto": 4,
        "cantidad": 3,
        "precio_unitario": "125.00",
        "notas": "",
        "preparado": false
    }
},
{
    "model": "menu.detalleorden",
    "pk": 117,
    "fields": {
        "orden": 50,
        "producto": 5,
        "cantidad": 2,
        "precio_unitario": "80.00",
        "notas": "",
        "preparado": false
    }
}
]
